{
"bioBeginTime" : 1.160010e+02,
"bioEndTime" : 1.260007e+02,
"normalized" : true,
"uuid" : "575439247",
"rules" : ["Perturbations", "reproduce", "die", "eat"],
"hits" : [0, 1146, 1754, 1378],
"fluxs" :
[[0.000000e+00, 0.000000e+00, 0.000000e+00, 0.000000e+00],
[0.000000e+00, 2.468936e-03, 0.000000e+00, 2.468936e-03],
[0.000000e+00, 0.000000e+00, -1.454533e-03, -1.454533e-03],
[0.000000e+00, -2.407068e-03, 1.420313e-03, -9.902585e-04]]
}