{
"bioBeginTime" : 3.800753e+01,
"bioEndTime" : 4.800135e+01,
"normalized" : true,
"uuid" : "575439247",
"rules" : ["Perturbations", "reproduce", "die", "eat"],
"hits" : [0, 1756, 1277, 1473],
"fluxs" :
[[0.000000e+00, 0.000000e+00, 0.000000e+00, 0.000000e+00],
[0.000000e+00, 1.784389e-03, 0.000000e+00, 1.784389e-03],
[0.000000e+00, 0.000000e+00, -1.873213e-03, -1.873213e-03],
[0.000000e+00, -1.750318e-03, 1.849886e-03, 9.627372e-05]]
}