{
"bioBeginTime" : 1.680100e+02,
"bioEndTime" : 1.780082e+02,
"normalized" : true,
"uuid" : "575439247",
"rules" : ["Perturbations", "reproduce", "die", "eat"],
"hits" : [0, 961, 1202, 707],
"fluxs" :
[[0.000000e+00, 0.000000e+00, 0.000000e+00, 0.000000e+00],
[0.000000e+00, 3.273049e-03, 0.000000e+00, 3.273049e-03],
[0.000000e+00, 0.000000e+00, -2.132261e-03, -2.132261e-03],
[0.000000e+00, -3.544859e-03, 2.238867e-03, -1.313512e-03]]
}