{
"bioBeginTime" : 1.000002e+02,
"bioEndTime" : 1.100038e+02,
"normalized" : true,
"uuid" : "575439247",
"rules" : ["Perturbations", "reproduce", "die", "eat"],
"hits" : [0, 1320, 1119, 924],
"fluxs" :
[[0.000000e+00, 0.000000e+00, 0.000000e+00, 0.000000e+00],
[0.000000e+00, 2.279676e-03, 0.000000e+00, 2.279676e-03],
[0.000000e+00, 0.000000e+00, -2.229338e-03, -2.229338e-03],
[0.000000e+00, -2.332773e-03, 2.316769e-03, -2.124255e-05]]
}