{
"bioBeginTime" : 6.600021e+01,
"bioEndTime" : 7.600934e+01,
"normalized" : true,
"uuid" : "575439247",
"rules" : ["Perturbations", "reproduce", "die", "eat"],
"hits" : [0, 1694, 1875, 2065],
"fluxs" :
[[0.000000e+00, 0.000000e+00, 0.000000e+00, 0.000000e+00],
[0.000000e+00, 1.847240e-03, 0.000000e+00, 1.847240e-03],
[0.000000e+00, 0.000000e+00, -1.307160e-03, -1.307160e-03],
[0.000000e+00, -1.882373e-03, 1.334115e-03, -5.507279e-04]]
}