{
"bioBeginTime" : 2.200538e+01,
"bioEndTime" : 3.200062e+01,
"normalized" : true,
"uuid" : "575439247",
"rules" : ["Perturbations", "reproduce", "die", "eat"],
"hits" : [0, 1650, 1533, 1702],
"fluxs" :
[[0.000000e+00, 0.000000e+00, 0.000000e+00, 0.000000e+00],
[0.000000e+00, 1.735263e-03, 0.000000e+00, 1.735263e-03],
[0.000000e+00, 0.000000e+00, -1.670534e-03, -1.670534e-03],
[0.000000e+00, -1.741793e-03, 1.671582e-03, -7.311815e-05]]
}