{
"bioBeginTime" : 1.240018e+02,
"bioEndTime" : 1.340001e+02,
"normalized" : true,
"uuid" : "575439247",
"rules" : ["Perturbations", "reproduce", "die", "eat"],
"hits" : [0, 1452, 1163, 1092],
"fluxs" :
[[0.000000e+00, 0.000000e+00, 0.000000e+00, 0.000000e+00],
[0.000000e+00, 2.117593e-03, 0.000000e+00, 2.117593e-03],
[0.000000e+00, 0.000000e+00, -2.180352e-03, -2.180352e-03],
[0.000000e+00, -2.139060e-03, 2.204135e-03, 6.037881e-05]]
}