{
"bioBeginTime" : 9.200065e+01,
"bioEndTime" : 1.020000e+02,
"normalized" : true,
"uuid" : "575439247",
"rules" : ["Perturbations", "reproduce", "die", "eat"],
"hits" : [0, 1242, 1821, 1649],
"fluxs" :
[[0.000000e+00, 0.000000e+00, 0.000000e+00, 0.000000e+00],
[0.000000e+00, 2.424665e-03, 0.000000e+00, 2.424665e-03],
[0.000000e+00, 0.000000e+00, -1.329720e-03, -1.329720e-03],
[0.000000e+00, -2.309187e-03, 1.296399e-03, -1.015845e-03]]
}