{
"bioBeginTime" : 1.540032e+02,
"bioEndTime" : 1.640006e+02,
"normalized" : true,
"uuid" : "575439247",
"rules" : ["Perturbations", "reproduce", "die", "eat"],
"hits" : [0, 1959, 1317, 1895],
"fluxs" :
[[0.000000e+00, 0.000000e+00, 0.000000e+00, 0.000000e+00],
[0.000000e+00, 1.544238e-03, 0.000000e+00, 1.544238e-03],
[0.000000e+00, 0.000000e+00, -1.775771e-03, -1.775771e-03],
[0.000000e+00, -1.528679e-03, 1.750663e-03, 2.192827e-04]]
}