{
"bioBeginTime" : 2.003678e+00,
"bioEndTime" : 1.200038e+01,
"normalized" : true,
"uuid" : "575439247",
"rules" : ["Perturbations", "reproduce", "die", "eat"],
"hits" : [0, 1502, 1634, 1699],
"fluxs" :
[[0.000000e+00, 0.000000e+00, 0.000000e+00, 0.000000e+00],
[0.000000e+00, 2.002958e-03, 0.000000e+00, 2.002958e-03],
[0.000000e+00, 0.000000e+00, -1.494781e-03, -1.494781e-03],
[0.000000e+00, -1.995062e-03, 1.505560e-03, -4.924937e-04]]
}