{
"bioBeginTime" : 7.800384e+01,
"bioEndTime" : 8.800564e+01,
"normalized" : true,
"uuid" : "575439247",
"rules" : ["Perturbations", "reproduce", "die", "eat"],
"hits" : [0, 1253, 1066, 879],
"fluxs" :
[[0.000000e+00, 0.000000e+00, 0.000000e+00, 0.000000e+00],
[0.000000e+00, 2.364896e-03, 0.000000e+00, 2.364896e-03],
[0.000000e+00, 0.000000e+00, -2.369906e-03, -2.369906e-03],
[0.000000e+00, -2.434375e-03, 2.457440e-03, 1.721825e-05]]
}