{
"bioBeginTime" : 7.000199e+01,
"bioEndTime" : 8.000213e+01,
"normalized" : true,
"uuid" : "575439247",
"rules" : ["Perturbations", "reproduce", "die", "eat"],
"hits" : [0, 1211, 1848, 1513],
"fluxs" :
[[0.000000e+00, 0.000000e+00, 0.000000e+00, 0.000000e+00],
[0.000000e+00, 2.505807e-03, 0.000000e+00, 2.505807e-03],
[0.000000e+00, 0.000000e+00, -1.365165e-03, -1.365165e-03],
[0.000000e+00, -2.438093e-03, 1.315590e-03, -1.125809e-03]]
}