{
"bioBeginTime" : 6.200196e+01,
"bioEndTime" : 7.200320e+01,
"normalized" : true,
"uuid" : "575439247",
"rules" : ["Perturbations", "reproduce", "die", "eat"],
"hits" : [0, 1940, 1541, 1949],
"fluxs" :
[[0.000000e+00, 0.000000e+00, 0.000000e+00, 0.000000e+00],
[0.000000e+00, 1.603103e-03, 0.000000e+00, 1.603103e-03],
[0.000000e+00, 0.000000e+00, -1.597700e-03, -1.597700e-03],
[0.000000e+00, -1.602302e-03, 1.590386e-03, -1.445345e-05]]
}