{
"bioBeginTime" : 4.000134e+00,
"bioEndTime" : 1.400261e+01,
"normalized" : true,
"uuid" : "575439247",
"rules" : ["Perturbations", "reproduce", "die", "eat"],
"hits" : [0, 1419, 1640, 1549],
"fluxs" :
[[0.000000e+00, 0.000000e+00, 0.000000e+00, 0.000000e+00],
[0.000000e+00, 2.152168e-03, 0.000000e+00, 2.152168e-03],
[0.000000e+00, 0.000000e+00, -1.501318e-03, -1.501318e-03],
[0.000000e+00, -2.131916e-03, 1.495114e-03, -6.399999e-04]]
}