{
"bioBeginTime" : 9.600291e+01,
"bioEndTime" : 1.060006e+02,
"normalized" : true,
"uuid" : "575439247",
"rules" : ["Perturbations", "reproduce", "die", "eat"],
"hits" : [0, 1000, 1471, 977],
"fluxs" :
[[0.000000e+00, 0.000000e+00, 0.000000e+00, 0.000000e+00],
[0.000000e+00, 2.938371e-03, 0.000000e+00, 2.938371e-03],
[0.000000e+00, 0.000000e+00, -1.696691e-03, -1.696691e-03],
[0.000000e+00, -2.942442e-03, 1.693568e-03, -1.253811e-03]]
}