{
"bioBeginTime" : 1.300027e+02,
"bioEndTime" : 1.400022e+02,
"normalized" : true,
"uuid" : "575439247",
"rules" : ["Perturbations", "reproduce", "die", "eat"],
"hits" : [0, 2065, 1471, 1953],
"fluxs" :
[[0.000000e+00, 0.000000e+00, 0.000000e+00, 0.000000e+00],
[0.000000e+00, 1.509614e-03, 0.000000e+00, 1.509614e-03],
[0.000000e+00, 0.000000e+00, -1.709653e-03, -1.709653e-03],
[0.000000e+00, -1.491994e-03, 1.688371e-03, 1.938051e-04]]
}