{
"bioBeginTime" : 1.400261e+01,
"bioEndTime" : 2.400294e+01,
"normalized" : true,
"uuid" : "575439247",
"rules" : ["Perturbations", "reproduce", "die", "eat"],
"hits" : [0, 1393, 1293, 1267],
"fluxs" :
[[0.000000e+00, 0.000000e+00, 0.000000e+00, 0.000000e+00],
[0.000000e+00, 2.067906e-03, 0.000000e+00, 2.067906e-03],
[0.000000e+00, 0.000000e+00, -1.874229e-03, -1.874229e-03],
[0.000000e+00, -2.073032e-03, 1.878934e-03, -1.979867e-04]]
}