{
"bioBeginTime" : 4.600244e+01,
"bioEndTime" : 5.600769e+01,
"normalized" : true,
"uuid" : "575439247",
"rules" : ["Perturbations", "reproduce", "die", "eat"],
"hits" : [0, 1569, 1843, 1848],
"fluxs" :
[[0.000000e+00, 0.000000e+00, 0.000000e+00, 0.000000e+00],
[0.000000e+00, 1.904484e-03, 0.000000e+00, 1.904484e-03],
[0.000000e+00, 0.000000e+00, -1.392139e-03, -1.392139e-03],
[0.000000e+00, -1.910771e-03, 1.394649e-03, -5.187806e-04]]
}