{
"bioBeginTime" : 1.840003e+02,
"bioEndTime" : 1.940045e+02,
"normalized" : true,
"uuid" : "575439247",
"rules" : ["Perturbations", "reproduce", "die", "eat"],
"hits" : [0, 1595, 2093, 2090],
"fluxs" :
[[0.000000e+00, 0.000000e+00, 0.000000e+00, 0.000000e+00],
[0.000000e+00, 1.932042e-03, 0.000000e+00, 1.932042e-03],
[0.000000e+00, 0.000000e+00, -1.218076e-03, -1.218076e-03],
[0.000000e+00, -1.917255e-03, 1.219157e-03, -7.004416e-04]]
}