{
"bioBeginTime" : 1.360023e+02,
"bioEndTime" : 1.460049e+02,
"normalized" : true,
"uuid" : "575439247",
"rules" : ["Perturbations", "reproduce", "die", "eat"],
"hits" : [0, 1617, 1985, 2090],
"fluxs" :
[[0.000000e+00, 0.000000e+00, 0.000000e+00, 0.000000e+00],
[0.000000e+00, 1.870301e-03, 0.000000e+00, 1.870301e-03],
[0.000000e+00, 0.000000e+00, -1.241622e-03, -1.241622e-03],
[0.000000e+00, -1.934562e-03, 1.257012e-03, -6.799416e-04]]
}