{
"bioBeginTime" : 1.800000e+02,
"bioEndTime" : 1.900020e+02,
"normalized" : true,
"uuid" : "575439247",
"rules" : ["Perturbations", "reproduce", "die", "eat"],
"hits" : [0, 2041, 1830, 2320],
"fluxs" :
[[0.000000e+00, 0.000000e+00, 0.000000e+00, 0.000000e+00],
[0.000000e+00, 1.436701e-03, 0.000000e+00, 1.436701e-03],
[0.000000e+00, 0.000000e+00, -1.414810e-03, -1.414810e-03],
[0.000000e+00, -1.476993e-03, 1.484974e-03, 5.867519e-06]]
}