{
"bioBeginTime" : 5.200159e+01,
"bioEndTime" : 6.200196e+01,
"normalized" : true,
"uuid" : "575439247",
"rules" : ["Perturbations", "reproduce", "die", "eat"],
"hits" : [0, 1258, 1528, 1231],
"fluxs" :
[[0.000000e+00, 0.000000e+00, 0.000000e+00, 0.000000e+00],
[0.000000e+00, 2.363114e-03, 0.000000e+00, 2.363114e-03],
[0.000000e+00, 0.000000e+00, -1.670510e-03, -1.670510e-03],
[0.000000e+00, -2.364797e-03, 1.673492e-03, -6.952437e-04]]
}