{
"bioBeginTime" : 6.800013e+01,
"bioEndTime" : 7.800384e+01,
"normalized" : true,
"uuid" : "575439247",
"rules" : ["Perturbations", "reproduce", "die", "eat"],
"hits" : [0, 1486, 1929, 1861],
"fluxs" :
[[0.000000e+00, 0.000000e+00, 0.000000e+00, 0.000000e+00],
[0.000000e+00, 2.134670e-03, 0.000000e+00, 2.134670e-03],
[0.000000e+00, 0.000000e+00, -1.283748e-03, -1.283748e-03],
[0.000000e+00, -2.139846e-03, 1.274829e-03, -8.677730e-04]]
}