{
"bioBeginTime" : 1.620003e+02,
"bioEndTime" : 1.720050e+02,
"normalized" : true,
"uuid" : "575439247",
"rules" : ["Perturbations", "reproduce", "die", "eat"],
"hits" : [0, 1139, 1900, 1591],
"fluxs" :
[[0.000000e+00, 0.000000e+00, 0.000000e+00, 0.000000e+00],
[0.000000e+00, 2.570140e-03, 0.000000e+00, 2.570140e-03],
[0.000000e+00, 0.000000e+00, -1.293022e-03, -1.293022e-03],
[0.000000e+00, -2.525959e-03, 1.233087e-03, -1.296142e-03]]
}