{
"bioBeginTime" : 2.600365e+01,
"bioEndTime" : 3.601607e+01,
"normalized" : true,
"uuid" : "575439247",
"rules" : ["Perturbations", "reproduce", "die", "eat"],
"hits" : [0, 1524, 1698, 1756],
"fluxs" :
[[0.000000e+00, 0.000000e+00, 0.000000e+00, 0.000000e+00],
[0.000000e+00, 1.951804e-03, 0.000000e+00, 1.951804e-03],
[0.000000e+00, 0.000000e+00, -1.532850e-03, -1.532850e-03],
[0.000000e+00, -1.966238e-03, 1.541748e-03, -4.275046e-04]]
}