{
"bioBeginTime" : 1.020000e+02,
"bioEndTime" : 1.120004e+02,
"normalized" : true,
"uuid" : "575439247",
"rules" : ["Perturbations", "reproduce", "die", "eat"],
"hits" : [0, 1541, 1088, 1144],
"fluxs" :
[[0.000000e+00, 0.000000e+00, 0.000000e+00, 0.000000e+00],
[0.000000e+00, 1.911495e-03, 0.000000e+00, 1.911495e-03],
[0.000000e+00, 0.000000e+00, -2.310606e-03, -2.310606e-03],
[0.000000e+00, -1.878411e-03, 2.292481e-03, 4.097140e-04]]
}