{
"bioBeginTime" : 5.600769e+01,
"bioEndTime" : 6.600021e+01,
"normalized" : true,
"uuid" : "575439247",
"rules" : ["Perturbations", "reproduce", "die", "eat"],
"hits" : [0, 1511, 1284, 1198],
"fluxs" :
[[0.000000e+00, 0.000000e+00, 0.000000e+00, 0.000000e+00],
[0.000000e+00, 1.986212e-03, 0.000000e+00, 1.986212e-03],
[0.000000e+00, 0.000000e+00, -1.976854e-03, -1.976854e-03],
[0.000000e+00, -1.999906e-03, 1.999957e-03, -3.907863e-06]]
}