{
"bioBeginTime" : 1.700015e+02,
"bioEndTime" : 1.800000e+02,
"normalized" : true,
"uuid" : "575439247",
"rules" : ["Perturbations", "reproduce", "die", "eat"],
"hits" : [0, 1185, 976, 720],
"fluxs" :
[[0.000000e+00, 0.000000e+00, 0.000000e+00, 0.000000e+00],
[0.000000e+00, 2.663913e-03, 0.000000e+00, 2.663913e-03],
[0.000000e+00, 0.000000e+00, -2.529181e-03, -2.529181e-03],
[0.000000e+00, -2.895118e-03, 2.698677e-03, -2.037725e-04]]
}