{
"bioBeginTime" : 1.080068e+02,
"bioEndTime" : 1.180003e+02,
"normalized" : true,
"uuid" : "575439247",
"rules" : ["Perturbations", "reproduce", "die", "eat"],
"hits" : [0, 1937, 1630, 2045],
"fluxs" :
[[0.000000e+00, 0.000000e+00, 0.000000e+00, 0.000000e+00],
[0.000000e+00, 1.541834e-03, 0.000000e+00, 1.541834e-03],
[0.000000e+00, 0.000000e+00, -1.572599e-03, -1.572599e-03],
[0.000000e+00, -1.559951e-03, 1.612228e-03, 4.979708e-05]]
}