{
"bioBeginTime" : 1.760003e+02,
"bioEndTime" : 1.860010e+02,
"normalized" : true,
"uuid" : "575439247",
"rules" : ["Perturbations", "reproduce", "die", "eat"],
"hits" : [0, 2043, 1189, 1694],
"fluxs" :
[[0.000000e+00, 0.000000e+00, 0.000000e+00, 0.000000e+00],
[0.000000e+00, 1.481275e-03, 0.000000e+00, 1.481275e-03],
[0.000000e+00, 0.000000e+00, -2.097051e-03, -2.097051e-03],
[0.000000e+00, -1.387933e-03, 2.030513e-03, 6.396178e-04]]
}