{
"bioBeginTime" : 4.800135e+01,
"bioEndTime" : 5.800046e+01,
"normalized" : true,
"uuid" : "575439247",
"rules" : ["Perturbations", "reproduce", "die", "eat"],
"hits" : [0, 1387, 1811, 1647],
"fluxs" :
[[0.000000e+00, 0.000000e+00, 0.000000e+00, 0.000000e+00],
[0.000000e+00, 2.153909e-03, 0.000000e+00, 2.153909e-03],
[0.000000e+00, 0.000000e+00, -1.416522e-03, -1.416522e-03],
[0.000000e+00, -2.108344e-03, 1.397862e-03, -7.134686e-04]]
}