{
"bioBeginTime" : 1.460049e+02,
"bioEndTime" : 1.560039e+02,
"normalized" : true,
"uuid" : "575439247",
"rules" : ["Perturbations", "reproduce", "die", "eat"],
"hits" : [0, 1127, 1134, 793],
"fluxs" :
[[0.000000e+00, 0.000000e+00, 0.000000e+00, 0.000000e+00],
[0.000000e+00, 2.796312e-03, 0.000000e+00, 2.796312e-03],
[0.000000e+00, 0.000000e+00, -2.188324e-03, -2.188324e-03],
[0.000000e+00, -2.932250e-03, 2.315334e-03, -6.232863e-04]]
}