{
"bioBeginTime" : 1.180003e+02,
"bioEndTime" : 1.280127e+02,
"normalized" : true,
"uuid" : "575439247",
"rules" : ["Perturbations", "reproduce", "die", "eat"],
"hits" : [0, 1116, 1534, 1156],
"fluxs" :
[[0.000000e+00, 0.000000e+00, 0.000000e+00, 0.000000e+00],
[0.000000e+00, 2.626338e-03, 0.000000e+00, 2.626338e-03],
[0.000000e+00, 0.000000e+00, -1.651498e-03, -1.651498e-03],
[0.000000e+00, -2.606299e-03, 1.643454e-03, -9.671633e-04]]
}