{
"bioBeginTime" : 1.480029e+02,
"bioEndTime" : 1.580050e+02,
"normalized" : true,
"uuid" : "575439247",
"rules" : ["Perturbations", "reproduce", "die", "eat"],
"hits" : [0, 1349, 1024, 899],
"fluxs" :
[[0.000000e+00, 0.000000e+00, 0.000000e+00, 0.000000e+00],
[0.000000e+00, 2.311162e-03, 0.000000e+00, 2.311162e-03],
[0.000000e+00, 0.000000e+00, -2.422653e-03, -2.422653e-03],
[0.000000e+00, -2.279861e-03, 2.499200e-03, 2.137639e-04]]
}