{
"bioBeginTime" : 1.600054e+01,
"bioEndTime" : 2.600365e+01,
"normalized" : true,
"uuid" : "575439247",
"rules" : ["Perturbations", "reproduce", "die", "eat"],
"hits" : [0, 1480, 1310, 1311],
"fluxs" :
[[0.000000e+00, 0.000000e+00, 0.000000e+00, 0.000000e+00],
[0.000000e+00, 1.956750e-03, 0.000000e+00, 1.956750e-03],
[0.000000e+00, 0.000000e+00, -1.887915e-03, -1.887915e-03],
[0.000000e+00, -1.954522e-03, 1.891437e-03, -6.678263e-05]]
}