{
"bioBeginTime" : 6.000336e+01,
"bioEndTime" : 7.000199e+01,
"normalized" : true,
"uuid" : "575439247",
"rules" : ["Perturbations", "reproduce", "die", "eat"],
"hits" : [0, 1849, 1364, 1681],
"fluxs" :
[[0.000000e+00, 0.000000e+00, 0.000000e+00, 0.000000e+00],
[0.000000e+00, 1.635766e-03, 0.000000e+00, 1.635766e-03],
[0.000000e+00, 0.000000e+00, -1.808055e-03, -1.808055e-03],
[0.000000e+00, -1.609488e-03, 1.766407e-03, 1.540396e-04]]
}