{
"bioBeginTime" : 8.400012e+01,
"bioEndTime" : 9.400033e+01,
"normalized" : true,
"uuid" : "575439247",
"rules" : ["Perturbations", "reproduce", "die", "eat"],
"hits" : [0, 1912, 1284, 1765],
"fluxs" :
[[0.000000e+00, 0.000000e+00, 0.000000e+00, 0.000000e+00],
[0.000000e+00, 1.568910e-03, 0.000000e+00, 1.568910e-03],
[0.000000e+00, 0.000000e+00, -1.940337e-03, -1.940337e-03],
[0.000000e+00, -1.529375e-03, 1.895720e-03, 3.633709e-04]]
}