{
"bioBeginTime" : 5.000054e+01,
"bioEndTime" : 6.000336e+01,
"normalized" : true,
"uuid" : "575439247",
"rules" : ["Perturbations", "reproduce", "die", "eat"],
"hits" : [0, 1300, 1677, 1408],
"fluxs" :
[[0.000000e+00, 0.000000e+00, 0.000000e+00, 0.000000e+00],
[0.000000e+00, 2.324884e-03, 0.000000e+00, 2.324884e-03],
[0.000000e+00, 0.000000e+00, -1.523096e-03, -1.523096e-03],
[0.000000e+00, -2.292632e-03, 1.506383e-03, -7.897368e-04]]
}