{
"bioBeginTime" : 9.000465e+01,
"bioEndTime" : 1.000002e+02,
"normalized" : true,
"uuid" : "575439247",
"rules" : ["Perturbations", "reproduce", "die", "eat"],
"hits" : [0, 1482, 1813, 1943],
"fluxs" :
[[0.000000e+00, 0.000000e+00, 0.000000e+00, 0.000000e+00],
[0.000000e+00, 1.976896e-03, 0.000000e+00, 1.976896e-03],
[0.000000e+00, 0.000000e+00, -1.326795e-03, -1.326795e-03],
[0.000000e+00, -1.986185e-03, 1.355449e-03, -6.333738e-04]]
}