{
"bioBeginTime" : 3.200062e+01,
"bioEndTime" : 4.200380e+01,
"normalized" : true,
"uuid" : "575439247",
"rules" : ["Perturbations", "reproduce", "die", "eat"],
"hits" : [0, 1286, 1447, 1223],
"fluxs" :
[[0.000000e+00, 0.000000e+00, 0.000000e+00, 0.000000e+00],
[0.000000e+00, 2.368660e-03, 0.000000e+00, 2.368660e-03],
[0.000000e+00, 0.000000e+00, -1.739217e-03, -1.739217e-03],
[0.000000e+00, -2.380528e-03, 1.741919e-03, -6.427326e-04]]
}