{
"bioBeginTime" : 1.120004e+02,
"bioEndTime" : 1.220049e+02,
"normalized" : true,
"uuid" : "575439247",
"rules" : ["Perturbations", "reproduce", "die", "eat"],
"hits" : [0, 1610, 1894, 1978],
"fluxs" :
[[0.000000e+00, 0.000000e+00, 0.000000e+00, 0.000000e+00],
[0.000000e+00, 1.825742e-03, 0.000000e+00, 1.825742e-03],
[0.000000e+00, 0.000000e+00, -1.350340e-03, -1.350340e-03],
[0.000000e+00, -1.840288e-03, 1.363865e-03, -4.789152e-04]]
}