{
"bioBeginTime" : 1.060006e+02,
"bioEndTime" : 1.160010e+02,
"normalized" : true,
"uuid" : "575439247",
"rules" : ["Perturbations", "reproduce", "die", "eat"],
"hits" : [0, 1980, 1352, 1816],
"fluxs" :
[[0.000000e+00, 0.000000e+00, 0.000000e+00, 0.000000e+00],
[0.000000e+00, 1.555690e-03, 0.000000e+00, 1.555690e-03],
[0.000000e+00, 0.000000e+00, -1.850229e-03, -1.850229e-03],
[0.000000e+00, -1.515755e-03, 1.826531e-03, 3.079581e-04]]
}