{
"bioBeginTime" : 4.400231e+01,
"bioEndTime" : 5.400149e+01,
"normalized" : true,
"uuid" : "575439247",
"rules" : ["Perturbations", "reproduce", "die", "eat"],
"hits" : [0, 1716, 1751, 1937],
"fluxs" :
[[0.000000e+00, 0.000000e+00, 0.000000e+00, 0.000000e+00],
[0.000000e+00, 1.733826e-03, 0.000000e+00, 1.733826e-03],
[0.000000e+00, 0.000000e+00, -1.427730e-03, -1.427730e-03],
[0.000000e+00, -1.758771e-03, 1.449201e-03, -3.120938e-04]]
}