{
"bioBeginTime" : 1.200009e+02,
"bioEndTime" : 1.300027e+02,
"normalized" : true,
"uuid" : "575439247",
"rules" : ["Perturbations", "reproduce", "die", "eat"],
"hits" : [0, 1148, 1362, 1040],
"fluxs" :
[[0.000000e+00, 0.000000e+00, 0.000000e+00, 0.000000e+00],
[0.000000e+00, 2.579200e-03, 0.000000e+00, 2.579200e-03],
[0.000000e+00, 0.000000e+00, -1.868999e-03, -1.868999e-03],
[0.000000e+00, -2.610544e-03, 1.894586e-03, -7.208374e-04]]
}