{
"bioBeginTime" : 1.880006e+02,
"bioEndTime" : 1.980034e+02,
"normalized" : true,
"uuid" : "575439247",
"rules" : ["Perturbations", "reproduce", "die", "eat"],
"hits" : [0, 1197, 1808, 1380],
"fluxs" :
[[0.000000e+00, 0.000000e+00, 0.000000e+00, 0.000000e+00],
[0.000000e+00, 2.658476e-03, 0.000000e+00, 2.658476e-03],
[0.000000e+00, 0.000000e+00, -1.369402e-03, -1.369402e-03],
[0.000000e+00, -2.578773e-03, 1.345509e-03, -1.236814e-03]]
}