{
"bioBeginTime" : 2.400294e+01,
"bioEndTime" : 3.400183e+01,
"normalized" : true,
"uuid" : "575439247",
"rules" : ["Perturbations", "reproduce", "die", "eat"],
"hits" : [0, 1626, 1660, 1790],
"fluxs" :
[[0.000000e+00, 0.000000e+00, 0.000000e+00, 0.000000e+00],
[0.000000e+00, 1.813916e-03, 0.000000e+00, 1.813916e-03],
[0.000000e+00, 0.000000e+00, -1.587671e-03, -1.587671e-03],
[0.000000e+00, -1.832854e-03, 1.595944e-03, -2.398126e-04]]
}