{
"bioBeginTime" : 5.400149e+01,
"bioEndTime" : 6.401032e+01,
"normalized" : true,
"uuid" : "575439247",
"rules" : ["Perturbations", "reproduce", "die", "eat"],
"hits" : [0, 1352, 1390, 1135],
"fluxs" :
[[0.000000e+00, 0.000000e+00, 0.000000e+00, 0.000000e+00],
[0.000000e+00, 2.235977e-03, 0.000000e+00, 2.235977e-03],
[0.000000e+00, 0.000000e+00, -1.842331e-03, -1.842331e-03],
[0.000000e+00, -2.278238e-03, 1.868810e-03, -4.136104e-04]]
}