{
"bioBeginTime" : 1.340001e+02,
"bioEndTime" : 1.440016e+02,
"normalized" : true,
"uuid" : "575439247",
"rules" : ["Perturbations", "reproduce", "die", "eat"],
"hits" : [0, 1878, 1881, 2228],
"fluxs" :
[[0.000000e+00, 0.000000e+00, 0.000000e+00, 0.000000e+00],
[0.000000e+00, 1.611280e-03, 0.000000e+00, 1.611280e-03],
[0.000000e+00, 0.000000e+00, -1.321386e-03, -1.321386e-03],
[0.000000e+00, -1.671158e-03, 1.356113e-03, -3.172389e-04]]
}