{
"bioBeginTime" : 5.800046e+01,
"bioEndTime" : 6.800013e+01,
"normalized" : true,
"uuid" : "575439247",
"rules" : ["Perturbations", "reproduce", "die", "eat"],
"hits" : [0, 1666, 1271, 1404],
"fluxs" :
[[0.000000e+00, 0.000000e+00, 0.000000e+00, 0.000000e+00],
[0.000000e+00, 1.771231e-03, 0.000000e+00, 1.771231e-03],
[0.000000e+00, 0.000000e+00, -1.970664e-03, -1.970664e-03],
[0.000000e+00, -1.745649e-03, 1.945277e-03, 1.962039e-04]]
}