{
"bioBeginTime" : 1.220049e+02,
"bioEndTime" : 1.320035e+02,
"normalized" : true,
"uuid" : "575439247",
"rules" : ["Perturbations", "reproduce", "die", "eat"],
"hits" : [0, 1232, 1237, 1029],
"fluxs" :
[[0.000000e+00, 0.000000e+00, 0.000000e+00, 0.000000e+00],
[0.000000e+00, 2.413078e-03, 0.000000e+00, 2.413078e-03],
[0.000000e+00, 0.000000e+00, -2.063317e-03, -2.063317e-03],
[0.000000e+00, -2.445917e-03, 2.116044e-03, -3.349371e-04]]
}