{
"bioBeginTime" : 8.800564e+01,
"bioEndTime" : 9.800126e+01,
"normalized" : true,
"uuid" : "575439247",
"rules" : ["Perturbations", "reproduce", "die", "eat"],
"hits" : [0, 1709, 1713, 2054],
"fluxs" :
[[0.000000e+00, 0.000000e+00, 0.000000e+00, 0.000000e+00],
[0.000000e+00, 1.680704e-03, 0.000000e+00, 1.680704e-03],
[0.000000e+00, 0.000000e+00, -1.429302e-03, -1.429302e-03],
[0.000000e+00, -1.747682e-03, 1.486097e-03, -2.640684e-04]]
}