{
"bioBeginTime" : 2.800402e+01,
"bioEndTime" : 3.800753e+01,
"normalized" : true,
"uuid" : "575439247",
"rules" : ["Perturbations", "reproduce", "die", "eat"],
"hits" : [0, 1350, 1700, 1585],
"fluxs" :
[[0.000000e+00, 0.000000e+00, 0.000000e+00, 0.000000e+00],
[0.000000e+00, 2.156140e-03, 0.000000e+00, 2.156140e-03],
[0.000000e+00, 0.000000e+00, -1.543950e-03, -1.543950e-03],
[0.000000e+00, -2.132066e-03, 1.528995e-03, -6.063474e-04]]
}