{
"bioBeginTime" : 1.800241e+01,
"bioEndTime" : 2.800402e+01,
"normalized" : true,
"uuid" : "575439247",
"rules" : ["Perturbations", "reproduce", "die", "eat"],
"hits" : [0, 1590, 1345, 1442],
"fluxs" :
[[0.000000e+00, 0.000000e+00, 0.000000e+00, 0.000000e+00],
[0.000000e+00, 1.830071e-03, 0.000000e+00, 1.830071e-03],
[0.000000e+00, 0.000000e+00, -1.855591e-03, -1.855591e-03],
[0.000000e+00, -1.825563e-03, 1.852086e-03, 2.312925e-05]]
}