{
"bioBeginTime" : 1.040094e+02,
"bioEndTime" : 1.140004e+02,
"normalized" : true,
"uuid" : "575439247",
"rules" : ["Perturbations", "reproduce", "die", "eat"],
"hits" : [0, 1772, 1186, 1440],
"fluxs" :
[[0.000000e+00, 0.000000e+00, 0.000000e+00, 0.000000e+00],
[0.000000e+00, 1.678989e-03, 0.000000e+00, 1.678989e-03],
[0.000000e+00, 0.000000e+00, -2.128096e-03, -2.128096e-03],
[0.000000e+00, -1.614563e-03, 2.075116e-03, 4.570937e-04]]
}