{
"bioBeginTime" : 1.320035e+02,
"bioEndTime" : 1.420012e+02,
"normalized" : true,
"uuid" : "575439247",
"rules" : ["Perturbations", "reproduce", "die", "eat"],
"hits" : [0, 2064, 1708, 2161],
"fluxs" :
[[0.000000e+00, 0.000000e+00, 0.000000e+00, 0.000000e+00],
[0.000000e+00, 1.507878e-03, 0.000000e+00, 1.507878e-03],
[0.000000e+00, 0.000000e+00, -1.469552e-03, -1.469552e-03],
[0.000000e+00, -1.525744e-03, 1.485855e-03, -4.213104e-05]]
}