{
"bioBeginTime" : 4.000015e+01,
"bioEndTime" : 5.000054e+01,
"normalized" : true,
"uuid" : "575439247",
"rules" : ["Perturbations", "reproduce", "die", "eat"],
"hits" : [0, 1855, 1446, 1738],
"fluxs" :
[[0.000000e+00, 0.000000e+00, 0.000000e+00, 0.000000e+00],
[0.000000e+00, 1.677507e-03, 0.000000e+00, 1.677507e-03],
[0.000000e+00, 0.000000e+00, -1.690511e-03, -1.690511e-03],
[0.000000e+00, -1.653486e-03, 1.688160e-03, 3.185106e-05]]
}