{
"bioBeginTime" : 1.900020e+02,
"bioEndTime" : 2.000026e+02,
"normalized" : true,
"uuid" : "575439247",
"rules" : ["Perturbations", "reproduce", "die", "eat"],
"hits" : [0, 1149, 1511, 1128],
"fluxs" :
[[0.000000e+00, 0.000000e+00, 0.000000e+00, 0.000000e+00],
[0.000000e+00, 2.760329e-03, 0.000000e+00, 2.760329e-03],
[0.000000e+00, 0.000000e+00, -1.565880e-03, -1.565880e-03],
[0.000000e+00, -2.761771e-03, 1.573862e-03, -1.192233e-03]]
}