{
"bioBeginTime" : 1.600013e+02,
"bioEndTime" : 1.700015e+02,
"normalized" : true,
"uuid" : "575439247",
"rules" : ["Perturbations", "reproduce", "die", "eat"],
"hits" : [0, 1464, 1911, 1948],
"fluxs" :
[[0.000000e+00, 0.000000e+00, 0.000000e+00, 0.000000e+00],
[0.000000e+00, 2.066753e-03, 0.000000e+00, 2.066753e-03],
[0.000000e+00, 0.000000e+00, -1.241065e-03, -1.241065e-03],
[0.000000e+00, -2.108587e-03, 1.250593e-03, -8.606210e-04]]
}