{
"bioBeginTime" : 1.820023e+02,
"bioEndTime" : 1.920002e+02,
"normalized" : true,
"uuid" : "575439247",
"rules" : ["Perturbations", "reproduce", "die", "eat"],
"hits" : [0, 1853, 2038, 2358],
"fluxs" :
[[0.000000e+00, 0.000000e+00, 0.000000e+00, 0.000000e+00],
[0.000000e+00, 1.617372e-03, 0.000000e+00, 1.617372e-03],
[0.000000e+00, 0.000000e+00, -1.268497e-03, -1.268497e-03],
[0.000000e+00, -1.656712e-03, 1.320425e-03, -3.384004e-04]]
}