{
"bioBeginTime" : 6.401032e+01,
"bioEndTime" : 7.400042e+01,
"normalized" : true,
"uuid" : "575439247",
"rules" : ["Perturbations", "reproduce", "die", "eat"],
"hits" : [0, 1882, 1736, 2095],
"fluxs" :
[[0.000000e+00, 0.000000e+00, 0.000000e+00, 0.000000e+00],
[0.000000e+00, 1.661853e-03, 0.000000e+00, 1.661853e-03],
[0.000000e+00, 0.000000e+00, -1.411996e-03, -1.411996e-03],
[0.000000e+00, -1.691059e-03, 1.449180e-03, -2.442751e-04]]
}