{
"bioBeginTime" : 1.280127e+02,
"bioEndTime" : 1.380004e+02,
"normalized" : true,
"uuid" : "575439247",
"rules" : ["Perturbations", "reproduce", "die", "eat"],
"hits" : [0, 1888, 1285, 1579],
"fluxs" :
[[0.000000e+00, 0.000000e+00, 0.000000e+00, 0.000000e+00],
[0.000000e+00, 1.622203e-03, 0.000000e+00, 1.622203e-03],
[0.000000e+00, 0.000000e+00, -1.959454e-03, -1.959454e-03],
[0.000000e+00, -1.591294e-03, 1.931743e-03, 3.372823e-04]]
}