{
"bioBeginTime" : 1.580050e+02,
"bioEndTime" : 1.680100e+02,
"normalized" : true,
"uuid" : "575439247",
"rules" : ["Perturbations", "reproduce", "die", "eat"],
"hits" : [0, 1728, 1797, 2126],
"fluxs" :
[[0.000000e+00, 0.000000e+00, 0.000000e+00, 0.000000e+00],
[0.000000e+00, 1.743381e-03, 0.000000e+00, 1.743381e-03],
[0.000000e+00, 0.000000e+00, -1.304352e-03, -1.304352e-03],
[0.000000e+00, -1.820190e-03, 1.357584e-03, -4.649854e-04]]
}