{
"bioBeginTime" : 1.440016e+02,
"bioEndTime" : 1.540032e+02,
"normalized" : true,
"uuid" : "575439247",
"rules" : ["Perturbations", "reproduce", "die", "eat"],
"hits" : [0, 986, 1333, 843],
"fluxs" :
[[0.000000e+00, 0.000000e+00, 0.000000e+00, 0.000000e+00],
[0.000000e+00, 3.213246e-03, 0.000000e+00, 3.213246e-03],
[0.000000e+00, 0.000000e+00, -1.855577e-03, -1.855577e-03],
[0.000000e+00, -3.332877e-03, 1.902545e-03, -1.436410e-03]]
}