{
"bioBeginTime" : 1.640006e+02,
"bioEndTime" : 1.740223e+02,
"normalized" : true,
"uuid" : "575439247",
"rules" : ["Perturbations", "reproduce", "die", "eat"],
"hits" : [0, 901, 1717, 1169],
"fluxs" :
[[0.000000e+00, 0.000000e+00, 0.000000e+00, 0.000000e+00],
[0.000000e+00, 3.276989e-03, 0.000000e+00, 3.276989e-03],
[0.000000e+00, 0.000000e+00, -1.455071e-03, -1.455071e-03],
[0.000000e+00, -3.087589e-03, 1.377447e-03, -1.714657e-03]]
}