{
"bioBeginTime" : 1.420012e+02,
"bioEndTime" : 1.520021e+02,
"normalized" : true,
"uuid" : "575439247",
"rules" : ["Perturbations", "reproduce", "die", "eat"],
"hits" : [0, 947, 1547, 1034],
"fluxs" :
[[0.000000e+00, 0.000000e+00, 0.000000e+00, 0.000000e+00],
[0.000000e+00, 3.314125e-03, 0.000000e+00, 3.314125e-03],
[0.000000e+00, 0.000000e+00, -1.553281e-03, -1.553281e-03],
[0.000000e+00, -3.225511e-03, 1.515158e-03, -1.715316e-03]]
}