{
"bioBeginTime" : 1.860010e+02,
"bioEndTime" : 1.960005e+02,
"normalized" : true,
"uuid" : "575439247",
"rules" : ["Perturbations", "reproduce", "die", "eat"],
"hits" : [0, 1364, 1981, 1738],
"fluxs" :
[[0.000000e+00, 0.000000e+00, 0.000000e+00, 0.000000e+00],
[0.000000e+00, 2.324351e-03, 0.000000e+00, 2.324351e-03],
[0.000000e+00, 0.000000e+00, -1.249883e-03, -1.249883e-03],
[0.000000e+00, -2.246099e-03, 1.226717e-03, -1.022219e-03]]
}