{
"bioBeginTime" : 7.600934e+01,
"bioEndTime" : 8.600139e+01,
"normalized" : true,
"uuid" : "575439247",
"rules" : ["Perturbations", "reproduce", "die", "eat"],
"hits" : [0, 1049, 1207, 847],
"fluxs" :
[[0.000000e+00, 0.000000e+00, 0.000000e+00, 0.000000e+00],
[0.000000e+00, 2.791146e-03, 0.000000e+00, 2.791146e-03],
[0.000000e+00, 0.000000e+00, -2.081006e-03, -2.081006e-03],
[0.000000e+00, -2.874120e-03, 2.172060e-03, -7.081072e-04]]
}