{
"bioBeginTime" : 1.660024e+02,
"bioEndTime" : 1.760003e+02,
"normalized" : true,
"uuid" : "575439247",
"rules" : ["Perturbations", "reproduce", "die", "eat"],
"hits" : [0, 841, 1447, 850],
"fluxs" :
[[0.000000e+00, 0.000000e+00, 0.000000e+00, 0.000000e+00],
[0.000000e+00, 3.604676e-03, 0.000000e+00, 3.604676e-03],
[0.000000e+00, 0.000000e+00, -1.735476e-03, -1.735476e-03],
[0.000000e+00, -3.582032e-03, 1.729861e-03, -1.858425e-03]]
}