{
"bioBeginTime" : 7.200320e+01,
"bioEndTime" : 8.200359e+01,
"normalized" : true,
"uuid" : "575439247",
"rules" : ["Perturbations", "reproduce", "die", "eat"],
"hits" : [0, 1057, 1657, 1186],
"fluxs" :
[[0.000000e+00, 0.000000e+00, 0.000000e+00, 0.000000e+00],
[0.000000e+00, 2.835131e-03, 0.000000e+00, 2.835131e-03],
[0.000000e+00, 0.000000e+00, -1.529537e-03, -1.529537e-03],
[0.000000e+00, -2.771926e-03, 1.482594e-03, -1.293544e-03]]
}