{
"bioBeginTime" : 9.800126e+01,
"bioEndTime" : 1.080068e+02,
"normalized" : true,
"uuid" : "575439247",
"rules" : ["Perturbations", "reproduce", "die", "eat"],
"hits" : [0, 1141, 1261, 892],
"fluxs" :
[[0.000000e+00, 0.000000e+00, 0.000000e+00, 0.000000e+00],
[0.000000e+00, 2.681320e-03, 0.000000e+00, 2.681320e-03],
[0.000000e+00, 0.000000e+00, -1.986341e-03, -1.986341e-03],
[0.000000e+00, -2.783341e-03, 2.062569e-03, -7.262669e-04]]
}