{
"bioBeginTime" : 6.000890e+00,
"bioEndTime" : 1.600054e+01,
"normalized" : true,
"uuid" : "575439247",
"rules" : ["Perturbations", "reproduce", "die", "eat"],
"hits" : [0, 1330, 1590, 1411],
"fluxs" :
[[0.000000e+00, 0.000000e+00, 0.000000e+00, 0.000000e+00],
[0.000000e+00, 2.252815e-03, 0.000000e+00, 2.252815e-03],
[0.000000e+00, 0.000000e+00, -1.563701e-03, -1.563701e-03],
[0.000000e+00, -2.239598e-03, 1.564378e-03, -6.787316e-04]]
}