{
"bioBeginTime" : 1.560039e+02,
"bioEndTime" : 1.660024e+02,
"normalized" : true,
"uuid" : "575439247",
"rules" : ["Perturbations", "reproduce", "die", "eat"],
"hits" : [0, 1906, 1581, 2130],
"fluxs" :
[[0.000000e+00, 0.000000e+00, 0.000000e+00, 0.000000e+00],
[0.000000e+00, 1.569816e-03, 0.000000e+00, 1.569816e-03],
[0.000000e+00, 0.000000e+00, -1.473951e-03, -1.473951e-03],
[0.000000e+00, -1.622579e-03, 1.521815e-03, -1.031654e-04]]
}