{
"bioBeginTime" : 1.520021e+02,
"bioEndTime" : 1.620003e+02,
"normalized" : true,
"uuid" : "575439247",
"rules" : ["Perturbations", "reproduce", "die", "eat"],
"hits" : [0, 1809, 1111, 1509],
"fluxs" :
[[0.000000e+00, 0.000000e+00, 0.000000e+00, 0.000000e+00],
[0.000000e+00, 1.644784e-03, 0.000000e+00, 1.644784e-03],
[0.000000e+00, 0.000000e+00, -2.162854e-03, -2.162854e-03],
[0.000000e+00, -1.580839e-03, 2.062596e-03, 4.783796e-04]]
}