{
"bioBeginTime" : 1.260007e+02,
"bioEndTime" : 1.360023e+02,
"normalized" : true,
"uuid" : "575439247",
"rules" : ["Perturbations", "reproduce", "die", "eat"],
"hits" : [0, 1691, 1168, 1316],
"fluxs" :
[[0.000000e+00, 0.000000e+00, 0.000000e+00, 0.000000e+00],
[0.000000e+00, 1.841752e-03, 0.000000e+00, 1.841752e-03],
[0.000000e+00, 0.000000e+00, -2.157597e-03, -2.157597e-03],
[0.000000e+00, -1.822309e-03, 2.131302e-03, 3.050384e-04]]
}