{
"bioBeginTime" : 8.600139e+01,
"bioEndTime" : 9.600291e+01,
"normalized" : true,
"uuid" : "575439247",
"rules" : ["Perturbations", "reproduce", "die", "eat"],
"hits" : [0, 1902, 1526, 2020],
"fluxs" :
[[0.000000e+00, 0.000000e+00, 0.000000e+00, 0.000000e+00],
[0.000000e+00, 1.567840e-03, 0.000000e+00, 1.567840e-03],
[0.000000e+00, 0.000000e+00, -1.636631e-03, -1.636631e-03],
[0.000000e+00, -1.599753e-03, 1.657323e-03, 5.498327e-05]]
}