{
"bioBeginTime" : 1.740223e+02,
"bioEndTime" : 1.840003e+02,
"normalized" : true,
"uuid" : "575439247",
"rules" : ["Perturbations", "reproduce", "die", "eat"],
"hits" : [0, 1788, 972, 1254],
"fluxs" :
[[0.000000e+00, 0.000000e+00, 0.000000e+00, 0.000000e+00],
[0.000000e+00, 1.712435e-03, 0.000000e+00, 1.712435e-03],
[0.000000e+00, 0.000000e+00, -2.536796e-03, -2.536796e-03],
[0.000000e+00, -1.590522e-03, 2.413798e-03, 8.192086e-04]]
}