{
"bioBeginTime" : 7.400042e+01,
"bioEndTime" : 8.400012e+01,
"normalized" : true,
"uuid" : "575439247",
"rules" : ["Perturbations", "reproduce", "die", "eat"],
"hits" : [0, 989, 1424, 969],
"fluxs" :
[[0.000000e+00, 0.000000e+00, 0.000000e+00, 0.000000e+00],
[0.000000e+00, 2.969236e-03, 0.000000e+00, 2.969236e-03],
[0.000000e+00, 0.000000e+00, -1.785985e-03, -1.785985e-03],
[0.000000e+00, -2.972011e-03, 1.785612e-03, -1.191679e-03]]
}