{
"bioBeginTime" : 1.140004e+02,
"bioEndTime" : 1.240018e+02,
"normalized" : true,
"uuid" : "575439247",
"rules" : ["Perturbations", "reproduce", "die", "eat"],
"hits" : [0, 1371, 1862, 1736],
"fluxs" :
[[0.000000e+00, 0.000000e+00, 0.000000e+00, 0.000000e+00],
[0.000000e+00, 2.124297e-03, 0.000000e+00, 2.124297e-03],
[0.000000e+00, 0.000000e+00, -1.358651e-03, -1.358651e-03],
[0.000000e+00, -2.099752e-03, 1.343214e-03, -7.594055e-04]]
}