{
"bioBeginTime" : 3.400183e+01,
"bioEndTime" : 4.400231e+01,
"normalized" : true,
"uuid" : "575439247",
"rules" : ["Perturbations", "reproduce", "die", "eat"],
"hits" : [0, 1384, 1311, 1169],
"fluxs" :
[[0.000000e+00, 0.000000e+00, 0.000000e+00, 0.000000e+00],
[0.000000e+00, 2.201707e-03, 0.000000e+00, 2.201707e-03],
[0.000000e+00, 0.000000e+00, -1.875737e-03, -1.875737e-03],
[0.000000e+00, -2.239743e-03, 1.902647e-03, -3.412958e-04]]
}