{
"bioBeginTime" : 8.000213e+01,
"bioEndTime" : 9.000465e+01,
"normalized" : true,
"uuid" : "575439247",
"rules" : ["Perturbations", "reproduce", "die", "eat"],
"hits" : [0, 1517, 1037, 1080],
"fluxs" :
[[0.000000e+00, 0.000000e+00, 0.000000e+00, 0.000000e+00],
[0.000000e+00, 1.991946e-03, 0.000000e+00, 1.991946e-03],
[0.000000e+00, 0.000000e+00, -2.455684e-03, -2.455684e-03],
[0.000000e+00, -1.997164e-03, 2.444416e-03, 4.423360e-04]]
}