{
"bioBeginTime" : 1.780082e+02,
"bioEndTime" : 1.880006e+02,
"normalized" : true,
"uuid" : "575439247",
"rules" : ["Perturbations", "reproduce", "die", "eat"],
"hits" : [0, 2119, 1462, 2091],
"fluxs" :
[[0.000000e+00, 0.000000e+00, 0.000000e+00, 0.000000e+00],
[0.000000e+00, 1.381891e-03, 0.000000e+00, 1.381891e-03],
[0.000000e+00, 0.000000e+00, -1.677289e-03, -1.677289e-03],
[0.000000e+00, -1.374448e-03, 1.721567e-03, 3.447489e-04]]
}