{
"bioBeginTime" : 3.601607e+01,
"bioEndTime" : 4.600244e+01,
"normalized" : true,
"uuid" : "575439247",
"rules" : ["Perturbations", "reproduce", "die", "eat"],
"hits" : [0, 1547, 1243, 1259],
"fluxs" :
[[0.000000e+00, 0.000000e+00, 0.000000e+00, 0.000000e+00],
[0.000000e+00, 1.982035e-03, 0.000000e+00, 1.982035e-03],
[0.000000e+00, 0.000000e+00, -1.934123e-03, -1.934123e-03],
[0.000000e+00, -1.975487e-03, 1.933959e-03, -4.535767e-05]]
}