{
"bioBeginTime" : 3.000457e+01,
"bioEndTime" : 4.000015e+01,
"normalized" : true,
"uuid" : "575439247",
"rules" : ["Perturbations", "reproduce", "die", "eat"],
"hits" : [0, 1242, 1563, 1368],
"fluxs" :
[[0.000000e+00, 0.000000e+00, 0.000000e+00, 0.000000e+00],
[0.000000e+00, 2.344822e-03, 0.000000e+00, 2.344822e-03],
[0.000000e+00, 0.000000e+00, -1.626647e-03, -1.626647e-03],
[0.000000e+00, -2.305507e-03, 1.606760e-03, -7.024741e-04]]
}