{
"bioBeginTime" : 1.200038e+01,
"bioEndTime" : 2.200538e+01,
"normalized" : true,
"uuid" : "575439247",
"rules" : ["Perturbations", "reproduce", "die", "eat"],
"hits" : [0, 1359, 1351, 1260],
"fluxs" :
[[0.000000e+00, 0.000000e+00, 0.000000e+00, 0.000000e+00],
[0.000000e+00, 2.171173e-03, 0.000000e+00, 2.171173e-03],
[0.000000e+00, 0.000000e+00, -1.826838e-03, -1.826838e-03],
[0.000000e+00, -2.167428e-03, 1.835171e-03, -3.362243e-04]]
}