{
"bioBeginTime" : 1.380004e+02,
"bioEndTime" : 1.480029e+02,
"normalized" : true,
"uuid" : "575439247",
"rules" : ["Perturbations", "reproduce", "die", "eat"],
"hits" : [0, 1309, 1938, 1806],
"fluxs" :
[[0.000000e+00, 0.000000e+00, 0.000000e+00, 0.000000e+00],
[0.000000e+00, 2.306167e-03, 0.000000e+00, 2.306167e-03],
[0.000000e+00, 0.000000e+00, -1.242503e-03, -1.242503e-03],
[0.000000e+00, -2.290616e-03, 1.222429e-03, -1.071046e-03]]
}