{
"bioBeginTime" : 2.000066e+01,
"bioEndTime" : 3.000457e+01,
"normalized" : true,
"uuid" : "575439247",
"rules" : ["Perturbations", "reproduce", "die", "eat"],
"hits" : [0, 1660, 1430, 1573],
"fluxs" :
[[0.000000e+00, 0.000000e+00, 0.000000e+00, 0.000000e+00],
[0.000000e+00, 1.749333e-03, 0.000000e+00, 1.749333e-03],
[0.000000e+00, 0.000000e+00, -1.760644e-03, -1.760644e-03],
[0.000000e+00, -1.738054e-03, 1.758015e-03, 1.689099e-05]]
}