{
"bioBeginTime" : 1.720050e+02,
"bioEndTime" : 1.820023e+02,
"normalized" : true,
"uuid" : "575439247",
"rules" : ["Perturbations", "reproduce", "die", "eat"],
"hits" : [0, 1490, 888, 873],
"fluxs" :
[[0.000000e+00, 0.000000e+00, 0.000000e+00, 0.000000e+00],
[0.000000e+00, 2.134379e-03, 0.000000e+00, 2.134379e-03],
[0.000000e+00, 0.000000e+00, -2.751354e-03, -2.751354e-03],
[0.000000e+00, -2.123910e-03, 2.769998e-03, 6.402173e-04]]
}