{
"bioBeginTime" : 1.500011e+02,
"bioEndTime" : 1.600013e+02,
"normalized" : true,
"uuid" : "575439247",
"rules" : ["Perturbations", "reproduce", "die", "eat"],
"hits" : [0, 1582, 1028, 1155],
"fluxs" :
[[0.000000e+00, 0.000000e+00, 0.000000e+00, 0.000000e+00],
[0.000000e+00, 1.895206e-03, 0.000000e+00, 1.895206e-03],
[0.000000e+00, 0.000000e+00, -2.418356e-03, -2.418356e-03],
[0.000000e+00, -1.828393e-03, 2.370275e-03, 5.374484e-04]]
}