{
"bioBeginTime" : 1.400022e+02,
"bioEndTime" : 1.500011e+02,
"normalized" : true,
"uuid" : "575439247",
"rules" : ["Perturbations", "reproduce", "die", "eat"],
"hits" : [0, 1038, 1792, 1357],
"fluxs" :
[[0.000000e+00, 0.000000e+00, 0.000000e+00, 0.000000e+00],
[0.000000e+00, 2.960449e-03, 0.000000e+00, 2.960449e-03],
[0.000000e+00, 0.000000e+00, -1.333659e-03, -1.333659e-03],
[0.000000e+00, -2.787867e-03, 1.270415e-03, -1.521168e-03]]
}