{
"bioBeginTime" : 4.200380e+01,
"bioEndTime" : 5.200159e+01,
"normalized" : true,
"uuid" : "575439247",
"rules" : ["Perturbations", "reproduce", "die", "eat"],
"hits" : [0, 1852, 1608, 1898],
"fluxs" :
[[0.000000e+00, 0.000000e+00, 0.000000e+00, 0.000000e+00],
[0.000000e+00, 1.657892e-03, 0.000000e+00, 1.657892e-03],
[0.000000e+00, 0.000000e+00, -1.533079e-03, -1.533079e-03],
[0.000000e+00, -1.663174e-03, 1.554744e-03, -1.110018e-04]]
}