{
"bioBeginTime" : 8.200359e+01,
"bioEndTime" : 9.200065e+01,
"normalized" : true,
"uuid" : "575439247",
"rules" : ["Perturbations", "reproduce", "die", "eat"],
"hits" : [0, 1758, 1100, 1391],
"fluxs" :
[[0.000000e+00, 0.000000e+00, 0.000000e+00, 0.000000e+00],
[0.000000e+00, 1.707374e-03, 0.000000e+00, 1.707374e-03],
[0.000000e+00, 0.000000e+00, -2.298449e-03, -2.298449e-03],
[0.000000e+00, -1.658030e-03, 2.216081e-03, 5.542297e-04]]
}