{
"bioBeginTime" : 9.400033e+01,
"bioEndTime" : 1.040094e+02,
"normalized" : true,
"uuid" : "575439247",
"rules" : ["Perturbations", "reproduce", "die", "eat"],
"hits" : [0, 1065, 1677, 1273],
"fluxs" :
[[0.000000e+00, 0.000000e+00, 0.000000e+00, 0.000000e+00],
[0.000000e+00, 2.817391e-03, 0.000000e+00, 2.817391e-03],
[0.000000e+00, 0.000000e+00, -1.463816e-03, -1.463816e-03],
[0.000000e+00, -2.703364e-03, 1.416665e-03, -1.290616e-03]]
}