{
"bioBeginTime" : 8.001158e+00,
"bioEndTime" : 1.800241e+01,
"normalized" : true,
"uuid" : "575439247",
"rules" : ["Perturbations", "reproduce", "die", "eat"],
"hits" : [0, 1327, 1493, 1302],
"fluxs" :
[[0.000000e+00, 0.000000e+00, 0.000000e+00, 0.000000e+00],
[0.000000e+00, 2.278364e-03, 0.000000e+00, 2.278364e-03],
[0.000000e+00, 0.000000e+00, -1.658002e-03, -1.658002e-03],
[0.000000e+00, -2.275167e-03, 1.665118e-03, -6.138333e-04]]
}