{
"bioBeginTime" : 1.000042e+01,
"bioEndTime" : 2.000066e+01,
"normalized" : true,
"uuid" : "575439247",
"rules" : ["Perturbations", "reproduce", "die", "eat"],
"hits" : [0, 1339, 1430, 1282],
"fluxs" :
[[0.000000e+00, 0.000000e+00, 0.000000e+00, 0.000000e+00],
[0.000000e+00, 2.242048e-03, 0.000000e+00, 2.242048e-03],
[0.000000e+00, 0.000000e+00, -1.749229e-03, -1.749229e-03],
[0.000000e+00, -2.239068e-03, 1.759073e-03, -4.839231e-04]]
}