{
"bioBeginTime" : 1.100038e+02,
"bioEndTime" : 1.200009e+02,
"normalized" : true,
"uuid" : "575439247",
"rules" : ["Perturbations", "reproduce", "die", "eat"],
"hits" : [0, 1800, 1811, 2092],
"fluxs" :
[[0.000000e+00, 0.000000e+00, 0.000000e+00, 0.000000e+00],
[0.000000e+00, 1.634355e-03, 0.000000e+00, 1.634355e-03],
[0.000000e+00, 0.000000e+00, -1.423886e-03, -1.423886e-03],
[0.000000e+00, -1.665098e-03, 1.466160e-03, -2.013224e-04]]
}