{
"bioBeginTime" : 2.343651e-03,
"bioEndTime" : 1.000042e+01,
"normalized" : true,
"uuid" : "575439247",
"rules" : ["Perturbations", "reproduce", "die", "eat"],
"hits" : [0, 1598, 1603, 1751],
"fluxs" :
[[0.000000e+00, 0.000000e+00, 0.000000e+00, 0.000000e+00],
[0.000000e+00, 1.880085e-03, 0.000000e+00, 1.880085e-03],
[0.000000e+00, 0.000000e+00, -1.549244e-03, -1.549244e-03],
[0.000000e+00, -1.886901e-03, 1.563688e-03, -3.261353e-04]]
}