{
  "bioBeginTime" : 0.000000e+00,
  "bioEndTime" : 2.000070e+01,
  "rules" :
    ["Perturbations", "a.b", "a.b_op", "ab.c", "mod x1", "a.c", "mod x2"],
  "hits" : [0, 986, 600, 2920, 2764, 997, 879],
  "fluxs" :
    [[0.000000e+00, 0.000000e+00, 0.000000e+00, 0.000000e+00, 0.000000e+00, 0.000000e+00, 0.000000e+00],
    [0.000000e+00, -2.805324e+00, 8.417340e+00, 1.070723e+01, 0.000000e+00, -1.382619e+00, -1.501420e+00],
    [0.000000e+00, 1.836702e+00, -1.878817e+00, -1.901879e+00, 0.000000e+00, 5.847461e-01, 5.311193e-01],
    [0.000000e+00, 0.000000e+00, 0.000000e+00, -1.737906e+01, 2.713609e+01, 0.000000e+00, 0.000000e+00],
    [0.000000e+00, 0.000000e+00, 0.000000e+00, 1.430737e+01, -2.054881e+01, 9.535350e+00, 0.000000e+00],
    [0.000000e+00, 0.000000e+00, 0.000000e+00, 0.000000e+00, 0.000000e+00, -2.898415e+00, 2.570269e+01],
    [0.000000e+00, 0.000000e+00, 0.000000e+00, 0.000000e+00, 0.000000e+00,1.581468e+00, -1.800432e+01]]
}
